municipio_ibge;delegacia;ano;mes;natureza;quantidade
# AMOSTRA FICTÍCIA para desenvolvimento e testes. Os rótulos seguem a tabela
# "Dados Mensais" da SSP-SP, mas os números são inventados.
# Substitua pela exportação real de https://www.ssp.sp.gov.br/estatistica/dados-mensais.
3548708;;2023;1;HOMICÍDIO DOLOSO (2);3
3548708;;2023;1;Nº DE VÍTIMAS EM HOMICÍDIO DOLOSO (3);3
3548708;;2023;1;TENTATIVA DE HOMICÍDIO;5
3548708;;2023;1;LATROCÍNIO;1
3548708;;2023;1;ESTUPRO;2
3548708;;2023;1;ESTUPRO DE VULNERÁVEL;6
3548708;;2023;1;TOTAL DE ESTUPRO (4);8
3548708;;2023;1;ROUBO - OUTROS;353
3548708;;2023;1;ROUBO DE VEÍCULO;68
3548708;;2023;1;FURTO - OUTROS;793
3548708;;2023;1;FURTO DE VEÍCULO;139
3548708;;2023;1;LESÃO CORPORAL DOLOSA;175
3548708;;2023;2;HOMICÍDIO DOLOSO (2);4
3548708;;2023;2;Nº DE VÍTIMAS EM HOMICÍDIO DOLOSO (3);4
3548708;;2023;2;TENTATIVA DE HOMICÍDIO;4
3548708;;2023;2;LATROCÍNIO;0
3548708;;2023;2;ESTUPRO;2
3548708;;2023;2;ESTUPRO DE VULNERÁVEL;7
3548708;;2023;2;TOTAL DE ESTUPRO (4);9
3548708;;2023;2;ROUBO - OUTROS;351
3548708;;2023;2;ROUBO DE VEÍCULO;75
3548708;;2023;2;FURTO - OUTROS;736
3548708;;2023;2;FURTO DE VEÍCULO;143
3548708;;2023;2;LESÃO CORPORAL DOLOSA;183
3548708;;2023;3;HOMICÍDIO DOLOSO (2);4
3548708;;2023;3;Nº DE VÍTIMAS EM HOMICÍDIO DOLOSO (3);5
3548708;;2023;3;TENTATIVA DE HOMICÍDIO;4
3548708;;2023;3;LATROCÍNIO;1
3548708;;2023;3;ESTUPRO;3
3548708;;2023;3;ESTUPRO DE VULNERÁVEL;7
3548708;;2023;3;TOTAL DE ESTUPRO (4);10
3548708;;2023;3;ROUBO - OUTROS;310
3548708;;2023;3;ROUBO DE VEÍCULO;64
3548708;;2023;3;FURTO - OUTROS;796
3548708;;2023;3;FURTO DE VEÍCULO;126
3548708;;2023;3;LESÃO CORPORAL DOLOSA;184
3548708;;2023;4;HOMICÍDIO DOLOSO (2);3
3548708;;2023;4;Nº DE VÍTIMAS EM HOMICÍDIO DOLOSO (3);3
3548708;;2023;4;TENTATIVA DE HOMICÍDIO;5
3548708;;2023;4;LATROCÍNIO;1
3548708;;2023;4;ESTUPRO;2
3548708;;2023;4;ESTUPRO DE VULNERÁVEL;7
3548708;;2023;4;TOTAL DE ESTUPRO (4);9
3548708;;2023;4;ROUBO - OUTROS;354
3548708;;2023;4;ROUBO DE VEÍCULO;65
3548708;;2023;4;FURTO - OUTROS;723
3548708;;2023;4;FURTO DE VEÍCULO;157
3548708;;2023;4;LESÃO CORPORAL DOLOSA;170
3548708;;2023;5;HOMICÍDIO DOLOSO (2);3
3548708;;2023;5;Nº DE VÍTIMAS EM HOMICÍDIO DOLOSO (3);3
3548708;;2023;5;TENTATIVA DE HOMICÍDIO;5
3548708;;2023;5;LATROCÍNIO;0
3548708;;2023;5;ESTUPRO;2
3548708;;2023;5;ESTUPRO DE VULNERÁVEL;7
3548708;;2023;5;TOTAL DE ESTUPRO (4);9
3548708;;2023;5;ROUBO - OUTROS;334
3548708;;2023;5;ROUBO DE VEÍCULO;62
3548708;;2023;5;FURTO - OUTROS;877
3548708;;2023;5;FURTO DE VEÍCULO;144
3548708;;2023;5;LESÃO CORPORAL DOLOSA;164
3548708;;2023;6;HOMICÍDIO DOLOSO (2);3
3548708;;2023;6;Nº DE VÍTIMAS EM HOMICÍDIO DOLOSO (3);3
3548708;;2023;6;TENTATIVA DE HOMICÍDIO;6
3548708;;2023;6;LATROCÍNIO;0
3548708;;2023;6;ESTUPRO;2
3548708;;2023;6;ESTUPRO DE VULNERÁVEL;7
3548708;;2023;6;TOTAL DE ESTUPRO (4);9
3548708;;2023;6;ROUBO - OUTROS;303
3548708;;2023;6;ROUBO DE VEÍCULO;70
3548708;;2023;6;FURTO - OUTROS;765
3548708;;2023;6;FURTO DE VEÍCULO;146
3548708;;2023;6;LESÃO CORPORAL DOLOSA;175
3548708;;2023;7;HOMICÍDIO DOLOSO (2);4
3548708;;2023;7;Nº DE VÍTIMAS EM HOMICÍDIO DOLOSO (3);5
3548708;;2023;7;TENTATIVA DE HOMICÍDIO;4
3548708;;2023;7;LATROCÍNIO;0
3548708;;2023;7;ESTUPRO;2
3548708;;2023;7;ESTUPRO DE VULNERÁVEL;7
3548708;;2023;7;TOTAL DE ESTUPRO (4);9
3548708;;2023;7;ROUBO - OUTROS;371
3548708;;2023;7;ROUBO DE VEÍCULO;64
3548708;;2023;7;FURTO - OUTROS;824
3548708;;2023;7;FURTO DE VEÍCULO;142
3548708;;2023;7;LESÃO CORPORAL DOLOSA;172
3548708;;2023;8;HOMICÍDIO DOLOSO (2);3
3548708;;2023;8;Nº DE VÍTIMAS EM HOMICÍDIO DOLOSO (3);4
3548708;;2023;8;TENTATIVA DE HOMICÍDIO;4
3548708;;2023;8;LATROCÍNIO;0
3548708;;2023;8;ESTUPRO;3
3548708;;2023;8;ESTUPRO DE VULNERÁVEL;7
3548708;;2023;8;TOTAL DE ESTUPRO (4);10
3548708;;2023;8;ROUBO - OUTROS;345
3548708;;2023;8;ROUBO DE VEÍCULO;70
3548708;;2023;8;FURTO - OUTROS;814
3548708;;2023;8;FURTO DE VEÍCULO;148
3548708;;2023;8;LESÃO CORPORAL DOLOSA;183
3548708;;2023;9;HOMICÍDIO DOLOSO (2);3
3548708;;2023;9;Nº DE VÍTIMAS EM HOMICÍDIO DOLOSO (3);4
3548708;;2023;9;TENTATIVA DE HOMICÍDIO;3
3548708;;2023;9;LATROCÍNIO;1
3548708;;2023;9;ESTUPRO;1
3548708;;2023;9;ESTUPRO DE VULNERÁVEL;7
3548708;;2023;9;TOTAL DE ESTUPRO (4);8
3548708;;2023;9;ROUBO - OUTROS;347
3548708;;2023;9;ROUBO DE VEÍCULO;68
3548708;;2023;9;FURTO - OUTROS;789
3548708;;2023;9;FURTO DE VEÍCULO;124
3548708;;2023;9;LESÃO CORPORAL DOLOSA;163
3548708;;2023;10;HOMICÍDIO DOLOSO (2);3
3548708;;2023;10;Nº DE VÍTIMAS EM HOMICÍDIO DOLOSO (3);4
3548708;;2023;10;TENTATIVA DE HOMICÍDIO;5
3548708;;2023;10;LATROCÍNIO;0
3548708;;2023;10;ESTUPRO;2
3548708;;2023;10;ESTUPRO DE VULNERÁVEL;7
3548708;;2023;10;TOTAL DE ESTUPRO (4);9
3548708;;2023;10;ROUBO - OUTROS;307
3548708;;2023;10;ROUBO DE VEÍCULO;77
3548708;;2023;10;FURTO - OUTROS;788
3548708;;2023;10;FURTO DE VEÍCULO;133
3548708;;2023;10;LESÃO CORPORAL DOLOSA;172
3548708;;2023;11;HOMICÍDIO DOLOSO (2);3
3548708;;2023;11;Nº DE VÍTIMAS EM HOMICÍDIO DOLOSO (3);3
3548708;;2023;11;TENTATIVA DE HOMICÍDIO;4
3548708;;2023;11;LATROCÍNIO;0
3548708;;2023;11;ESTUPRO;2
3548708;;2023;11;ESTUPRO DE VULNERÁVEL;6
3548708;;2023;11;TOTAL DE ESTUPRO (4);8
3548708;;2023;11;ROUBO - OUTROS;350
3548708;;2023;11;ROUBO DE VEÍCULO;63
3548708;;2023;11;FURTO - OUTROS;855
3548708;;2023;11;FURTO DE VEÍCULO;138
3548708;;2023;11;LESÃO CORPORAL DOLOSA;200
3548708;;2023;12;HOMICÍDIO DOLOSO (2);4
3548708;;2023;12;Nº DE VÍTIMAS EM HOMICÍDIO DOLOSO (3);5
3548708;;2023;12;TENTATIVA DE HOMICÍDIO;5
3548708;;2023;12;LATROCÍNIO;0
3548708;;2023;12;ESTUPRO;2
3548708;;2023;12;ESTUPRO DE VULNERÁVEL;7
3548708;;2023;12;TOTAL DE ESTUPRO (4);9
3548708;;2023;12;ROUBO - OUTROS;301
3548708;;2023;12;ROUBO DE VEÍCULO;75
3548708;;2023;12;FURTO - OUTROS;795
3548708;;2023;12;FURTO DE VEÍCULO;148
3548708;;2023;12;LESÃO CORPORAL DOLOSA;185
3548708;;2024;1;HOMICÍDIO DOLOSO (2);3
3548708;;2024;1;Nº DE VÍTIMAS EM HOMICÍDIO DOLOSO (3);3
3548708;;2024;1;TENTATIVA DE HOMICÍDIO;3
3548708;;2024;1;LATROCÍNIO;0
3548708;;2024;1;ESTUPRO;3
3548708;;2024;1;ESTUPRO DE VULNERÁVEL;6
3548708;;2024;1;TOTAL DE ESTUPRO (4);9
3548708;;2024;1;ROUBO - OUTROS;301
3548708;;2024;1;ROUBO DE VEÍCULO;56
3548708;;2024;1;FURTO - OUTROS;668
3548708;;2024;1;FURTO DE VEÍCULO;134
3548708;;2024;1;LESÃO CORPORAL DOLOSA;139
3548708;;2024;2;HOMICÍDIO DOLOSO (2);4
3548708;;2024;2;Nº DE VÍTIMAS EM HOMICÍDIO DOLOSO (3);4
3548708;;2024;2;TENTATIVA DE HOMICÍDIO;4
3548708;;2024;2;LATROCÍNIO;0
3548708;;2024;2;ESTUPRO;3
3548708;;2024;2;ESTUPRO DE VULNERÁVEL;6
3548708;;2024;2;TOTAL DE ESTUPRO (4);9
3548708;;2024;2;ROUBO - OUTROS;332
3548708;;2024;2;ROUBO DE VEÍCULO;69
3548708;;2024;2;FURTO - OUTROS;769
3548708;;2024;2;FURTO DE VEÍCULO;129
3548708;;2024;2;LESÃO CORPORAL DOLOSA;183
3548708;;2024;3;HOMICÍDIO DOLOSO (2);3
3548708;;2024;3;Nº DE VÍTIMAS EM HOMICÍDIO DOLOSO (3);3
3548708;;2024;3;TENTATIVA DE HOMICÍDIO;4
3548708;;2024;3;LATROCÍNIO;0
3548708;;2024;3;ESTUPRO;3
3548708;;2024;3;ESTUPRO DE VULNERÁVEL;7
3548708;;2024;3;TOTAL DE ESTUPRO (4);10
3548708;;2024;3;ROUBO - OUTROS;291
3548708;;2024;3;ROUBO DE VEÍCULO;61
3548708;;2024;3;FURTO - OUTROS;757
3548708;;2024;3;FURTO DE VEÍCULO;109
3548708;;2024;3;LESÃO CORPORAL DOLOSA;159
3548708;;2024;4;HOMICÍDIO DOLOSO (2);3
3548708;;2024;4;Nº DE VÍTIMAS EM HOMICÍDIO DOLOSO (3);3
3548708;;2024;4;TENTATIVA DE HOMICÍDIO;5
3548708;;2024;4;LATROCÍNIO;0
3548708;;2024;4;ESTUPRO;2
3548708;;2024;4;ESTUPRO DE VULNERÁVEL;6
3548708;;2024;4;TOTAL DE ESTUPRO (4);8
3548708;;2024;4;ROUBO - OUTROS;287
3548708;;2024;4;ROUBO DE VEÍCULO;70
3548708;;2024;4;FURTO - OUTROS;769
3548708;;2024;4;FURTO DE VEÍCULO;127
3548708;;2024;4;LESÃO CORPORAL DOLOSA;152
3548708;;2024;5;HOMICÍDIO DOLOSO (2);3
3548708;;2024;5;Nº DE VÍTIMAS EM HOMICÍDIO DOLOSO (3);3
3548708;;2024;5;TENTATIVA DE HOMICÍDIO;4
3548708;;2024;5;LATROCÍNIO;1
3548708;;2024;5;ESTUPRO;2
3548708;;2024;5;ESTUPRO DE VULNERÁVEL;7
3548708;;2024;5;TOTAL DE ESTUPRO (4);9
3548708;;2024;5;ROUBO - OUTROS;270
3548708;;2024;5;ROUBO DE VEÍCULO;66
3548708;;2024;5;FURTO - OUTROS;718
3548708;;2024;5;FURTO DE VEÍCULO;125
3548708;;2024;5;LESÃO CORPORAL DOLOSA;180
3548708;;2024;6;HOMICÍDIO DOLOSO (2);3
3548708;;2024;6;Nº DE VÍTIMAS EM HOMICÍDIO DOLOSO (3);3
3548708;;2024;6;TENTATIVA DE HOMICÍDIO;4
3548708;;2024;6;LATROCÍNIO;1
3548708;;2024;6;ESTUPRO;3
3548708;;2024;6;ESTUPRO DE VULNERÁVEL;6
3548708;;2024;6;TOTAL DE ESTUPRO (4);9
3548708;;2024;6;ROUBO - OUTROS;339
3548708;;2024;6;ROUBO DE VEÍCULO;67
3548708;;2024;6;FURTO - OUTROS;755
3548708;;2024;6;FURTO DE VEÍCULO;134
3548708;;2024;6;LESÃO CORPORAL DOLOSA;157
3548708;;2024;7;HOMICÍDIO DOLOSO (2);3
3548708;;2024;7;Nº DE VÍTIMAS EM HOMICÍDIO DOLOSO (3);3
3548708;;2024;7;TENTATIVA DE HOMICÍDIO;4
3548708;;2024;7;LATROCÍNIO;0
3548708;;2024;7;ESTUPRO;2
3548708;;2024;7;ESTUPRO DE VULNERÁVEL;6
3548708;;2024;7;TOTAL DE ESTUPRO (4);8
3548708;;2024;7;ROUBO - OUTROS;321
3548708;;2024;7;ROUBO DE VEÍCULO;66
3548708;;2024;7;FURTO - OUTROS;820
3548708;;2024;7;FURTO DE VEÍCULO;132
3548708;;2024;7;LESÃO CORPORAL DOLOSA;167
3548708;;2024;8;HOMICÍDIO DOLOSO (2);3
3548708;;2024;8;Nº DE VÍTIMAS EM HOMICÍDIO DOLOSO (3);3
3548708;;2024;8;TENTATIVA DE HOMICÍDIO;4
3548708;;2024;8;LATROCÍNIO;0
3548708;;2024;8;ESTUPRO;2
3548708;;2024;8;ESTUPRO DE VULNERÁVEL;6
3548708;;2024;8;TOTAL DE ESTUPRO (4);8
3548708;;2024;8;ROUBO - OUTROS;313
3548708;;2024;8;ROUBO DE VEÍCULO;66
3548708;;2024;8;FURTO - OUTROS;804
3548708;;2024;8;FURTO DE VEÍCULO;123
3548708;;2024;8;LESÃO CORPORAL DOLOSA;150
3548708;;2024;9;HOMICÍDIO DOLOSO (2);4
3548708;;2024;9;Nº DE VÍTIMAS EM HOMICÍDIO DOLOSO (3);4
3548708;;2024;9;TENTATIVA DE HOMICÍDIO;4
3548708;;2024;9;LATROCÍNIO;0
3548708;;2024;9;ESTUPRO;3
3548708;;2024;9;ESTUPRO DE VULNERÁVEL;7
3548708;;2024;9;TOTAL DE ESTUPRO (4);10
3548708;;2024;9;ROUBO - OUTROS;296
3548708;;2024;9;ROUBO DE VEÍCULO;61
3548708;;2024;9;FURTO - OUTROS;729
3548708;;2024;9;FURTO DE VEÍCULO;140
3548708;;2024;9;LESÃO CORPORAL DOLOSA;154
3548708;;2024;10;HOMICÍDIO DOLOSO (2);4
3548708;;2024;10;Nº DE VÍTIMAS EM HOMICÍDIO DOLOSO (3);4
3548708;;2024;10;TENTATIVA DE HOMICÍDIO;4
3548708;;2024;10;LATROCÍNIO;0
3548708;;2024;10;ESTUPRO;3
3548708;;2024;10;ESTUPRO DE VULNERÁVEL;7
3548708;;2024;10;TOTAL DE ESTUPRO (4);10
3548708;;2024;10;ROUBO - OUTROS;327
3548708;;2024;10;ROUBO DE VEÍCULO;79
3548708;;2024;10;FURTO - OUTROS;733
3548708;;2024;10;FURTO DE VEÍCULO;132
3548708;;2024;10;LESÃO CORPORAL DOLOSA;161
3548708;;2024;11;HOMICÍDIO DOLOSO (2);3
3548708;;2024;11;Nº DE VÍTIMAS EM HOMICÍDIO DOLOSO (3);4
3548708;;2024;11;TENTATIVA DE HOMICÍDIO;5
3548708;;2024;11;LATROCÍNIO;0
3548708;;2024;11;ESTUPRO;2
3548708;;2024;11;ESTUPRO DE VULNERÁVEL;7
3548708;;2024;11;TOTAL DE ESTUPRO (4);9
3548708;;2024;11;ROUBO - OUTROS;295
3548708;;2024;11;ROUBO DE VEÍCULO;62
3548708;;2024;11;FURTO - OUTROS;836
3548708;;2024;11;FURTO DE VEÍCULO;124
3548708;;2024;11;LESÃO CORPORAL DOLOSA;140
3548708;;2024;12;HOMICÍDIO DOLOSO (2);3
3548708;;2024;12;Nº DE VÍTIMAS EM HOMICÍDIO DOLOSO (3);3
3548708;;2024;12;TENTATIVA DE HOMICÍDIO;5
3548708;;2024;12;LATROCÍNIO;1
3548708;;2024;12;ESTUPRO;2
3548708;;2024;12;ESTUPRO DE VULNERÁVEL;6
3548708;;2024;12;TOTAL DE ESTUPRO (4);8
3548708;;2024;12;ROUBO - OUTROS;323
3548708;;2024;12;ROUBO DE VEÍCULO;59
3548708;;2024;12;FURTO - OUTROS;720
3548708;;2024;12;FURTO DE VEÍCULO;114
3548708;;2024;12;LESÃO CORPORAL DOLOSA;146
3548708;;2025;1;HOMICÍDIO DOLOSO (2);2
3548708;;2025;1;Nº DE VÍTIMAS EM HOMICÍDIO DOLOSO (3);2
3548708;;2025;1;TENTATIVA DE HOMICÍDIO;3
3548708;;2025;1;LATROCÍNIO;0
3548708;;2025;1;ESTUPRO;2
3548708;;2025;1;ESTUPRO DE VULNERÁVEL;6
3548708;;2025;1;TOTAL DE ESTUPRO (4);8
3548708;;2025;1;ROUBO - OUTROS;255
3548708;;2025;1;ROUBO DE VEÍCULO;50
3548708;;2025;1;FURTO - OUTROS;714
3548708;;2025;1;FURTO DE VEÍCULO;116
3548708;;2025;1;LESÃO CORPORAL DOLOSA;165
3548708;;2025;2;HOMICÍDIO DOLOSO (2);4
3548708;;2025;2;Nº DE VÍTIMAS EM HOMICÍDIO DOLOSO (3);4
3548708;;2025;2;TENTATIVA DE HOMICÍDIO;3
3548708;;2025;2;LATROCÍNIO;0
3548708;;2025;2;ESTUPRO;2
3548708;;2025;2;ESTUPRO DE VULNERÁVEL;7
3548708;;2025;2;TOTAL DE ESTUPRO (4);9
3548708;;2025;2;ROUBO - OUTROS;308
3548708;;2025;2;ROUBO DE VEÍCULO;62
3548708;;2025;2;FURTO - OUTROS;625
3548708;;2025;2;FURTO DE VEÍCULO;120
3548708;;2025;2;LESÃO CORPORAL DOLOSA;129
3548708;;2025;3;HOMICÍDIO DOLOSO (2);3
3548708;;2025;3;Nº DE VÍTIMAS EM HOMICÍDIO DOLOSO (3);4
3548708;;2025;3;TENTATIVA DE HOMICÍDIO;3
3548708;;2025;3;LATROCÍNIO;1
3548708;;2025;3;ESTUPRO;2
3548708;;2025;3;ESTUPRO DE VULNERÁVEL;6
3548708;;2025;3;TOTAL DE ESTUPRO (4);8
3548708;;2025;3;ROUBO - OUTROS;262
3548708;;2025;3;ROUBO DE VEÍCULO;63
3548708;;2025;3;FURTO - OUTROS;639
3548708;;2025;3;FURTO DE VEÍCULO;106
3548708;;2025;3;LESÃO CORPORAL DOLOSA;120
3548708;;2025;4;HOMICÍDIO DOLOSO (2);2
3548708;;2025;4;Nº DE VÍTIMAS EM HOMICÍDIO DOLOSO (3);2
3548708;;2025;4;TENTATIVA DE HOMICÍDIO;3
3548708;;2025;4;LATROCÍNIO;0
3548708;;2025;4;ESTUPRO;2
3548708;;2025;4;ESTUPRO DE VULNERÁVEL;6
3548708;;2025;4;TOTAL DE ESTUPRO (4);8
3548708;;2025;4;ROUBO - OUTROS;271
3548708;;2025;4;ROUBO DE VEÍCULO;54
3548708;;2025;4;FURTO - OUTROS;683
3548708;;2025;4;FURTO DE VEÍCULO;129
3548708;;2025;4;LESÃO CORPORAL DOLOSA;133
3548708;;2025;5;HOMICÍDIO DOLOSO (2);3
3548708;;2025;5;Nº DE VÍTIMAS EM HOMICÍDIO DOLOSO (3);3
3548708;;2025;5;TENTATIVA DE HOMICÍDIO;4
3548708;;2025;5;LATROCÍNIO;0
3548708;;2025;5;ESTUPRO;2
3548708;;2025;5;ESTUPRO DE VULNERÁVEL;5
3548708;;2025;5;TOTAL DE ESTUPRO (4);7
3548708;;2025;5;ROUBO - OUTROS;318
3548708;;2025;5;ROUBO DE VEÍCULO;50
3548708;;2025;5;FURTO - OUTROS;683
3548708;;2025;5;FURTO DE VEÍCULO;131
3548708;;2025;5;LESÃO CORPORAL DOLOSA;133
3548708;;2025;6;HOMICÍDIO DOLOSO (2);3
3548708;;2025;6;Nº DE VÍTIMAS EM HOMICÍDIO DOLOSO (3);3
3548708;;2025;6;TENTATIVA DE HOMICÍDIO;5
3548708;;2025;6;LATROCÍNIO;0
3548708;;2025;6;ESTUPRO;2
3548708;;2025;6;ESTUPRO DE VULNERÁVEL;6
3548708;;2025;6;TOTAL DE ESTUPRO (4);8
3548708;;2025;6;ROUBO - OUTROS;302
3548708;;2025;6;ROUBO DE VEÍCULO;54
3548708;;2025;6;FURTO - OUTROS;719
3548708;;2025;6;FURTO DE VEÍCULO;106
3548708;;2025;6;LESÃO CORPORAL DOLOSA;122
3548708;;2025;7;HOMICÍDIO DOLOSO (2);3
3548708;;2025;7;Nº DE VÍTIMAS EM HOMICÍDIO DOLOSO (3);3
3548708;;2025;7;TENTATIVA DE HOMICÍDIO;4
3548708;;2025;7;LATROCÍNIO;0
3548708;;2025;7;ESTUPRO;2
3548708;;2025;7;ESTUPRO DE VULNERÁVEL;6
3548708;;2025;7;TOTAL DE ESTUPRO (4);8
3548708;;2025;7;ROUBO - OUTROS;305
3548708;;2025;7;ROUBO DE VEÍCULO;60
3548708;;2025;7;FURTO - OUTROS;658
3548708;;2025;7;FURTO DE VEÍCULO;106
3548708;;2025;7;LESÃO CORPORAL DOLOSA;131
3548708;;2025;8;HOMICÍDIO DOLOSO (2);2
3548708;;2025;8;Nº DE VÍTIMAS EM HOMICÍDIO DOLOSO (3);2
3548708;;2025;8;TENTATIVA DE HOMICÍDIO;4
3548708;;2025;8;LATROCÍNIO;1
3548708;;2025;8;ESTUPRO;2
3548708;;2025;8;ESTUPRO DE VULNERÁVEL;5
3548708;;2025;8;TOTAL DE ESTUPRO (4);7
3548708;;2025;8;ROUBO - OUTROS;280
3548708;;2025;8;ROUBO DE VEÍCULO;53
3548708;;2025;8;FURTO - OUTROS;542
3548708;;2025;8;FURTO DE VEÍCULO;113
3548708;;2025;8;LESÃO CORPORAL DOLOSA;135
3548708;;2025;9;HOMICÍDIO DOLOSO (2);4
3548708;;2025;9;Nº DE VÍTIMAS EM HOMICÍDIO DOLOSO (3);4
3548708;;2025;9;TENTATIVA DE HOMICÍDIO;4
3548708;;2025;9;LATROCÍNIO;1
3548708;;2025;9;ESTUPRO;2
3548708;;2025;9;ESTUPRO DE VULNERÁVEL;5
3548708;;2025;9;TOTAL DE ESTUPRO (4);7
3548708;;2025;9;ROUBO - OUTROS;279
3548708;;2025;9;ROUBO DE VEÍCULO;61
3548708;;2025;9;FURTO - OUTROS;617
3548708;;2025;9;FURTO DE VEÍCULO;119
3548708;;2025;9;LESÃO CORPORAL DOLOSA;141
3548708;;2025;10;HOMICÍDIO DOLOSO (2);3
3548708;;2025;10;Nº DE VÍTIMAS EM HOMICÍDIO DOLOSO (3);4
3548708;;2025;10;TENTATIVA DE HOMICÍDIO;3
3548708;;2025;10;LATROCÍNIO;0
3548708;;2025;10;ESTUPRO;2
3548708;;2025;10;ESTUPRO DE VULNERÁVEL;5
3548708;;2025;10;TOTAL DE ESTUPRO (4);7
3548708;;2025;10;ROUBO - OUTROS;275
3548708;;2025;10;ROUBO DE VEÍCULO;59
3548708;;2025;10;FURTO - OUTROS;624
3548708;;2025;10;FURTO DE VEÍCULO;118
3548708;;2025;10;LESÃO CORPORAL DOLOSA;163
3548708;;2025;11;HOMICÍDIO DOLOSO (2);3
3548708;;2025;11;Nº DE VÍTIMAS EM HOMICÍDIO DOLOSO (3);3
3548708;;2025;11;TENTATIVA DE HOMICÍDIO;3
3548708;;2025;11;LATROCÍNIO;0
3548708;;2025;11;ESTUPRO;1
3548708;;2025;11;ESTUPRO DE VULNERÁVEL;6
3548708;;2025;11;TOTAL DE ESTUPRO (4);7
3548708;;2025;11;ROUBO - OUTROS;289
3548708;;2025;11;ROUBO DE VEÍCULO;54
3548708;;2025;11;FURTO - OUTROS;723
3548708;;2025;11;FURTO DE VEÍCULO;120
3548708;;2025;11;LESÃO CORPORAL DOLOSA;135
3548708;;2025;12;HOMICÍDIO DOLOSO (2);3
3548708;;2025;12;Nº DE VÍTIMAS EM HOMICÍDIO DOLOSO (3);3
3548708;;2025;12;TENTATIVA DE HOMICÍDIO;3
3548708;;2025;12;LATROCÍNIO;0
3548708;;2025;12;ESTUPRO;2
3548708;;2025;12;ESTUPRO DE VULNERÁVEL;6
3548708;;2025;12;TOTAL DE ESTUPRO (4);8
3548708;;2025;12;ROUBO - OUTROS;312
3548708;;2025;12;ROUBO DE VEÍCULO;58
3548708;;2025;12;FURTO - OUTROS;647
3548708;;2025;12;FURTO DE VEÍCULO;102
3548708;;2025;12;LESÃO CORPORAL DOLOSA;151
3548708;;2026;1;HOMICÍDIO DOLOSO (2);3
3548708;;2026;1;Nº DE VÍTIMAS EM HOMICÍDIO DOLOSO (3);3
3548708;;2026;1;TENTATIVA DE HOMICÍDIO;3
3548708;;2026;1;LATROCÍNIO;0
3548708;;2026;1;ESTUPRO;1
3548708;;2026;1;ESTUPRO DE VULNERÁVEL;4
3548708;;2026;1;TOTAL DE ESTUPRO (4);5
3548708;;2026;1;ROUBO - OUTROS;302
3548708;;2026;1;ROUBO DE VEÍCULO;46
3548708;;2026;1;FURTO - OUTROS;637
3548708;;2026;1;FURTO DE VEÍCULO;101
3548708;;2026;1;LESÃO CORPORAL DOLOSA;141
3548708;;2026;2;HOMICÍDIO DOLOSO (2);2
3548708;;2026;2;Nº DE VÍTIMAS EM HOMICÍDIO DOLOSO (3);3
3548708;;2026;2;TENTATIVA DE HOMICÍDIO;4
3548708;;2026;2;LATROCÍNIO;1
3548708;;2026;2;ESTUPRO;1
3548708;;2026;2;ESTUPRO DE VULNERÁVEL;6
3548708;;2026;2;TOTAL DE ESTUPRO (4);7
3548708;;2026;2;ROUBO - OUTROS;236
3548708;;2026;2;ROUBO DE VEÍCULO;60
3548708;;2026;2;FURTO - OUTROS;624
3548708;;2026;2;FURTO DE VEÍCULO;127
3548708;;2026;2;LESÃO CORPORAL DOLOSA;127
3548708;;2026;3;HOMICÍDIO DOLOSO (2);3
3548708;;2026;3;Nº DE VÍTIMAS EM HOMICÍDIO DOLOSO (3);3
3548708;;2026;3;TENTATIVA DE HOMICÍDIO;3
3548708;;2026;3;LATROCÍNIO;1
3548708;;2026;3;ESTUPRO;2
3548708;;2026;3;ESTUPRO DE VULNERÁVEL;5
3548708;;2026;3;TOTAL DE ESTUPRO (4);7
3548708;;2026;3;ROUBO - OUTROS;287
3548708;;2026;3;ROUBO DE VEÍCULO;50
3548708;;2026;3;FURTO - OUTROS;631
3548708;;2026;3;FURTO DE VEÍCULO;90
3548708;;2026;3;LESÃO CORPORAL DOLOSA;131
3548708;;2026;4;HOMICÍDIO DOLOSO (2);4
3548708;;2026;4;Nº DE VÍTIMAS EM HOMICÍDIO DOLOSO (3);5
3548708;;2026;4;TENTATIVA DE HOMICÍDIO;3
3548708;;2026;4;LATROCÍNIO;1
3548708;;2026;4;ESTUPRO;2
3548708;;2026;4;ESTUPRO DE VULNERÁVEL;5
3548708;;2026;4;TOTAL DE ESTUPRO (4);7
3548708;;2026;4;ROUBO - OUTROS;291
3548708;;2026;4;ROUBO DE VEÍCULO;51
3548708;;2026;4;FURTO - OUTROS;622
3548708;;2026;4;FURTO DE VEÍCULO;110
3548708;;2026;4;LESÃO CORPORAL DOLOSA;153
3548708;;2026;5;HOMICÍDIO DOLOSO (2);3
3548708;;2026;5;Nº DE VÍTIMAS EM HOMICÍDIO DOLOSO (3);3
3548708;;2026;5;TENTATIVA DE HOMICÍDIO;3
3548708;;2026;5;LATROCÍNIO;1
3548708;;2026;5;ESTUPRO;3
3548708;;2026;5;ESTUPRO DE VULNERÁVEL;6
3548708;;2026;5;TOTAL DE ESTUPRO (4);9
3548708;;2026;5;ROUBO - OUTROS;238
3548708;;2026;5;ROUBO DE VEÍCULO;59
3548708;;2026;5;FURTO - OUTROS;640
3548708;;2026;5;FURTO DE VEÍCULO;107
3548708;;2026;5;LESÃO CORPORAL DOLOSA;146
3548708;;2026;6;HOMICÍDIO DOLOSO (2);2
3548708;;2026;6;Nº DE VÍTIMAS EM HOMICÍDIO DOLOSO (3);2
3548708;;2026;6;TENTATIVA DE HOMICÍDIO;4
3548708;;2026;6;LATROCÍNIO;0
3548708;;2026;6;ESTUPRO;1
3548708;;2026;6;ESTUPRO DE VULNERÁVEL;6
3548708;;2026;6;TOTAL DE ESTUPRO (4);7
3548708;;2026;6;ROUBO - OUTROS;263
3548708;;2026;6;ROUBO DE VEÍCULO;54
3548708;;2026;6;FURTO - OUTROS;560
3548708;;2026;6;FURTO DE VEÍCULO;103
3548708;;2026;6;LESÃO CORPORAL DOLOSA;130
3547809;;2023;1;HOMICÍDIO DOLOSO (2);3
3547809;;2023;1;Nº DE VÍTIMAS EM HOMICÍDIO DOLOSO (3);4
3547809;;2023;1;TENTATIVA DE HOMICÍDIO;3
3547809;;2023;1;LATROCÍNIO;1
3547809;;2023;1;ESTUPRO;2
3547809;;2023;1;ESTUPRO DE VULNERÁVEL;5
3547809;;2023;1;TOTAL DE ESTUPRO (4);7
3547809;;2023;1;ROUBO - OUTROS;322
3547809;;2023;1;ROUBO DE VEÍCULO;50
3547809;;2023;1;FURTO - OUTROS;753
3547809;;2023;1;FURTO DE VEÍCULO;116
3547809;;2023;1;LESÃO CORPORAL DOLOSA;160
3547809;;2023;2;HOMICÍDIO DOLOSO (2);3
3547809;;2023;2;Nº DE VÍTIMAS EM HOMICÍDIO DOLOSO (3);3
3547809;;2023;2;TENTATIVA DE HOMICÍDIO;4
3547809;;2023;2;LATROCÍNIO;1
3547809;;2023;2;ESTUPRO;2
3547809;;2023;2;ESTUPRO DE VULNERÁVEL;6
3547809;;2023;2;TOTAL DE ESTUPRO (4);8
3547809;;2023;2;ROUBO - OUTROS;301
3547809;;2023;2;ROUBO DE VEÍCULO;60
3547809;;2023;2;FURTO - OUTROS;733
3547809;;2023;2;FURTO DE VEÍCULO;118
3547809;;2023;2;LESÃO CORPORAL DOLOSA;135
3547809;;2023;3;HOMICÍDIO DOLOSO (2);3
3547809;;2023;3;Nº DE VÍTIMAS EM HOMICÍDIO DOLOSO (3);3
3547809;;2023;3;TENTATIVA DE HOMICÍDIO;5
3547809;;2023;3;LATROCÍNIO;0
3547809;;2023;3;ESTUPRO;2
3547809;;2023;3;ESTUPRO DE VULNERÁVEL;6
3547809;;2023;3;TOTAL DE ESTUPRO (4);8
3547809;;2023;3;ROUBO - OUTROS;269
3547809;;2023;3;ROUBO DE VEÍCULO;52
3547809;;2023;3;FURTO - OUTROS;630
3547809;;2023;3;FURTO DE VEÍCULO;104
3547809;;2023;3;LESÃO CORPORAL DOLOSA;154
3547809;;2023;4;HOMICÍDIO DOLOSO (2);3
3547809;;2023;4;Nº DE VÍTIMAS EM HOMICÍDIO DOLOSO (3);4
3547809;;2023;4;TENTATIVA DE HOMICÍDIO;4
3547809;;2023;4;LATROCÍNIO;0
3547809;;2023;4;ESTUPRO;2
3547809;;2023;4;ESTUPRO DE VULNERÁVEL;6
3547809;;2023;4;TOTAL DE ESTUPRO (4);8
3547809;;2023;4;ROUBO - OUTROS;285
3547809;;2023;4;ROUBO DE VEÍCULO;58
3547809;;2023;4;FURTO - OUTROS;738
3547809;;2023;4;FURTO DE VEÍCULO;98
3547809;;2023;4;LESÃO CORPORAL DOLOSA;128
3547809;;2023;5;HOMICÍDIO DOLOSO (2);4
3547809;;2023;5;Nº DE VÍTIMAS EM HOMICÍDIO DOLOSO (3);5
3547809;;2023;5;TENTATIVA DE HOMICÍDIO;4
3547809;;2023;5;LATROCÍNIO;0
3547809;;2023;5;ESTUPRO;2
3547809;;2023;5;ESTUPRO DE VULNERÁVEL;6
3547809;;2023;5;TOTAL DE ESTUPRO (4);8
3547809;;2023;5;ROUBO - OUTROS;267
3547809;;2023;5;ROUBO DE VEÍCULO;48
3547809;;2023;5;FURTO - OUTROS;614
3547809;;2023;5;FURTO DE VEÍCULO;126
3547809;;2023;5;LESÃO CORPORAL DOLOSA;163
3547809;;2023;6;HOMICÍDIO DOLOSO (2);3
3547809;;2023;6;Nº DE VÍTIMAS EM HOMICÍDIO DOLOSO (3);3
3547809;;2023;6;TENTATIVA DE HOMICÍDIO;5
3547809;;2023;6;LATROCÍNIO;0
3547809;;2023;6;ESTUPRO;3
3547809;;2023;6;ESTUPRO DE VULNERÁVEL;6
3547809;;2023;6;TOTAL DE ESTUPRO (4);9
3547809;;2023;6;ROUBO - OUTROS;253
3547809;;2023;6;ROUBO DE VEÍCULO;57
3547809;;2023;6;FURTO - OUTROS;678
3547809;;2023;6;FURTO DE VEÍCULO;103
3547809;;2023;6;LESÃO CORPORAL DOLOSA;143
3547809;;2023;7;HOMICÍDIO DOLOSO (2);2
3547809;;2023;7;Nº DE VÍTIMAS EM HOMICÍDIO DOLOSO (3);2
3547809;;2023;7;TENTATIVA DE HOMICÍDIO;4
3547809;;2023;7;LATROCÍNIO;0
3547809;;2023;7;ESTUPRO;3
3547809;;2023;7;ESTUPRO DE VULNERÁVEL;7
3547809;;2023;7;TOTAL DE ESTUPRO (4);10
3547809;;2023;7;ROUBO - OUTROS;264
3547809;;2023;7;ROUBO DE VEÍCULO;52
3547809;;2023;7;FURTO - OUTROS;668
3547809;;2023;7;FURTO DE VEÍCULO;107
3547809;;2023;7;LESÃO CORPORAL DOLOSA;143
3547809;;2023;8;HOMICÍDIO DOLOSO (2);2
3547809;;2023;8;Nº DE VÍTIMAS EM HOMICÍDIO DOLOSO (3);2
3547809;;2023;8;TENTATIVA DE HOMICÍDIO;3
3547809;;2023;8;LATROCÍNIO;0
3547809;;2023;8;ESTUPRO;1
3547809;;2023;8;ESTUPRO DE VULNERÁVEL;6
3547809;;2023;8;TOTAL DE ESTUPRO (4);7
3547809;;2023;8;ROUBO - OUTROS;265
3547809;;2023;8;ROUBO DE VEÍCULO;57
3547809;;2023;8;FURTO - OUTROS;722
3547809;;2023;8;FURTO DE VEÍCULO;124
3547809;;2023;8;LESÃO CORPORAL DOLOSA;143
3547809;;2023;9;HOMICÍDIO DOLOSO (2);3
3547809;;2023;9;Nº DE VÍTIMAS EM HOMICÍDIO DOLOSO (3);3
3547809;;2023;9;TENTATIVA DE HOMICÍDIO;4
3547809;;2023;9;LATROCÍNIO;0
3547809;;2023;9;ESTUPRO;3
3547809;;2023;9;ESTUPRO DE VULNERÁVEL;6
3547809;;2023;9;TOTAL DE ESTUPRO (4);9
3547809;;2023;9;ROUBO - OUTROS;300
3547809;;2023;9;ROUBO DE VEÍCULO;62
3547809;;2023;9;FURTO - OUTROS;699
3547809;;2023;9;FURTO DE VEÍCULO;109
3547809;;2023;9;LESÃO CORPORAL DOLOSA;160
3547809;;2023;10;HOMICÍDIO DOLOSO (2);2
3547809;;2023;10;Nº DE VÍTIMAS EM HOMICÍDIO DOLOSO (3);2
3547809;;2023;10;TENTATIVA DE HOMICÍDIO;4
3547809;;2023;10;LATROCÍNIO;0
3547809;;2023;10;ESTUPRO;2
3547809;;2023;10;ESTUPRO DE VULNERÁVEL;5
3547809;;2023;10;TOTAL DE ESTUPRO (4);7
3547809;;2023;10;ROUBO - OUTROS;310
3547809;;2023;10;ROUBO DE VEÍCULO;59
3547809;;2023;10;FURTO - OUTROS;748
3547809;;2023;10;FURTO DE VEÍCULO;115
3547809;;2023;10;LESÃO CORPORAL DOLOSA;134
3547809;;2023;11;HOMICÍDIO DOLOSO (2);3
3547809;;2023;11;Nº DE VÍTIMAS EM HOMICÍDIO DOLOSO (3);3
3547809;;2023;11;TENTATIVA DE HOMICÍDIO;4
3547809;;2023;11;LATROCÍNIO;0
3547809;;2023;11;ESTUPRO;1
3547809;;2023;11;ESTUPRO DE VULNERÁVEL;6
3547809;;2023;11;TOTAL DE ESTUPRO (4);7
3547809;;2023;11;ROUBO - OUTROS;268
3547809;;2023;11;ROUBO DE VEÍCULO;58
3547809;;2023;11;FURTO - OUTROS;683
3547809;;2023;11;FURTO DE VEÍCULO;109
3547809;;2023;11;LESÃO CORPORAL DOLOSA;144
3547809;;2023;12;HOMICÍDIO DOLOSO (2);3
3547809;;2023;12;Nº DE VÍTIMAS EM HOMICÍDIO DOLOSO (3);4
3547809;;2023;12;TENTATIVA DE HOMICÍDIO;5
3547809;;2023;12;LATROCÍNIO;0
3547809;;2023;12;ESTUPRO;3
3547809;;2023;12;ESTUPRO DE VULNERÁVEL;7
3547809;;2023;12;TOTAL DE ESTUPRO (4);10
3547809;;2023;12;ROUBO - OUTROS;282
3547809;;2023;12;ROUBO DE VEÍCULO;61
3547809;;2023;12;FURTO - OUTROS;770
3547809;;2023;12;FURTO DE VEÍCULO;115
3547809;;2023;12;LESÃO CORPORAL DOLOSA;162
3547809;;2024;1;HOMICÍDIO DOLOSO (2);2
3547809;;2024;1;Nº DE VÍTIMAS EM HOMICÍDIO DOLOSO (3);3
3547809;;2024;1;TENTATIVA DE HOMICÍDIO;4
3547809;;2024;1;LATROCÍNIO;0
3547809;;2024;1;ESTUPRO;2
3547809;;2024;1;ESTUPRO DE VULNERÁVEL;6
3547809;;2024;1;TOTAL DE ESTUPRO (4);8
3547809;;2024;1;ROUBO - OUTROS;264
3547809;;2024;1;ROUBO DE VEÍCULO;51
3547809;;2024;1;FURTO - OUTROS;643
3547809;;2024;1;FURTO DE VEÍCULO;108
3547809;;2024;1;LESÃO CORPORAL DOLOSA;126
3547809;;2024;2;HOMICÍDIO DOLOSO (2);4
3547809;;2024;2;Nº DE VÍTIMAS EM HOMICÍDIO DOLOSO (3);4
3547809;;2024;2;TENTATIVA DE HOMICÍDIO;3
3547809;;2024;2;LATROCÍNIO;1
3547809;;2024;2;ESTUPRO;1
3547809;;2024;2;ESTUPRO DE VULNERÁVEL;5
3547809;;2024;2;TOTAL DE ESTUPRO (4);6
3547809;;2024;2;ROUBO - OUTROS;273
3547809;;2024;2;ROUBO DE VEÍCULO;54
3547809;;2024;2;FURTO - OUTROS;641
3547809;;2024;2;FURTO DE VEÍCULO;117
3547809;;2024;2;LESÃO CORPORAL DOLOSA;129
3547809;;2024;3;HOMICÍDIO DOLOSO (2);3
3547809;;2024;3;Nº DE VÍTIMAS EM HOMICÍDIO DOLOSO (3);3
3547809;;2024;3;TENTATIVA DE HOMICÍDIO;3
3547809;;2024;3;LATROCÍNIO;0
3547809;;2024;3;ESTUPRO;2
3547809;;2024;3;ESTUPRO DE VULNERÁVEL;6
3547809;;2024;3;TOTAL DE ESTUPRO (4);8
3547809;;2024;3;ROUBO - OUTROS;242
3547809;;2024;3;ROUBO DE VEÍCULO;68
3547809;;2024;3;FURTO - OUTROS;695
3547809;;2024;3;FURTO DE VEÍCULO;118
3547809;;2024;3;LESÃO CORPORAL DOLOSA;117
3547809;;2024;4;HOMICÍDIO DOLOSO (2);2
3547809;;2024;4;Nº DE VÍTIMAS EM HOMICÍDIO DOLOSO (3);2
3547809;;2024;4;TENTATIVA DE HOMICÍDIO;3
3547809;;2024;4;LATROCÍNIO;1
3547809;;2024;4;ESTUPRO;2
3547809;;2024;4;ESTUPRO DE VULNERÁVEL;5
3547809;;2024;4;TOTAL DE ESTUPRO (4);7
3547809;;2024;4;ROUBO - OUTROS;254
3547809;;2024;4;ROUBO DE VEÍCULO;52
3547809;;2024;4;FURTO - OUTROS;616
3547809;;2024;4;FURTO DE VEÍCULO;111
3547809;;2024;4;LESÃO CORPORAL DOLOSA;133
3547809;;2024;5;HOMICÍDIO DOLOSO (2);2
3547809;;2024;5;Nº DE VÍTIMAS EM HOMICÍDIO DOLOSO (3);2
3547809;;2024;5;TENTATIVA DE HOMICÍDIO;4
3547809;;2024;5;LATROCÍNIO;0
3547809;;2024;5;ESTUPRO;2
3547809;;2024;5;ESTUPRO DE VULNERÁVEL;5
3547809;;2024;5;TOTAL DE ESTUPRO (4);7
3547809;;2024;5;ROUBO - OUTROS;237
3547809;;2024;5;ROUBO DE VEÍCULO;58
3547809;;2024;5;FURTO - OUTROS;611
3547809;;2024;5;FURTO DE VEÍCULO;108
3547809;;2024;5;LESÃO CORPORAL DOLOSA;132
3547809;;2024;6;HOMICÍDIO DOLOSO (2);3
3547809;;2024;6;Nº DE VÍTIMAS EM HOMICÍDIO DOLOSO (3);3
3547809;;2024;6;TENTATIVA DE HOMICÍDIO;4
3547809;;2024;6;LATROCÍNIO;0
3547809;;2024;6;ESTUPRO;3
3547809;;2024;6;ESTUPRO DE VULNERÁVEL;5
3547809;;2024;6;TOTAL DE ESTUPRO (4);8
3547809;;2024;6;ROUBO - OUTROS;245
3547809;;2024;6;ROUBO DE VEÍCULO;54
3547809;;2024;6;FURTO - OUTROS;651
3547809;;2024;6;FURTO DE VEÍCULO;108
3547809;;2024;6;LESÃO CORPORAL DOLOSA;141
3547809;;2024;7;HOMICÍDIO DOLOSO (2);3
3547809;;2024;7;Nº DE VÍTIMAS EM HOMICÍDIO DOLOSO (3);3
3547809;;2024;7;TENTATIVA DE HOMICÍDIO;4
3547809;;2024;7;LATROCÍNIO;1
3547809;;2024;7;ESTUPRO;2
3547809;;2024;7;ESTUPRO DE VULNERÁVEL;5
3547809;;2024;7;TOTAL DE ESTUPRO (4);7
3547809;;2024;7;ROUBO - OUTROS;265
3547809;;2024;7;ROUBO DE VEÍCULO;56
3547809;;2024;7;FURTO - OUTROS;592
3547809;;2024;7;FURTO DE VEÍCULO;93
3547809;;2024;7;LESÃO CORPORAL DOLOSA;147
3547809;;2024;8;HOMICÍDIO DOLOSO (2);2
3547809;;2024;8;Nº DE VÍTIMAS EM HOMICÍDIO DOLOSO (3);2
3547809;;2024;8;TENTATIVA DE HOMICÍDIO;4
3547809;;2024;8;LATROCÍNIO;1
3547809;;2024;8;ESTUPRO;1
3547809;;2024;8;ESTUPRO DE VULNERÁVEL;5
3547809;;2024;8;TOTAL DE ESTUPRO (4);6
3547809;;2024;8;ROUBO - OUTROS;264
3547809;;2024;8;ROUBO DE VEÍCULO;54
3547809;;2024;8;FURTO - OUTROS;708
3547809;;2024;8;FURTO DE VEÍCULO;115
3547809;;2024;8;LESÃO CORPORAL DOLOSA;122
3547809;;2024;9;HOMICÍDIO DOLOSO (2);3
3547809;;2024;9;Nº DE VÍTIMAS EM HOMICÍDIO DOLOSO (3);3
3547809;;2024;9;TENTATIVA DE HOMICÍDIO;4
3547809;;2024;9;LATROCÍNIO;0
3547809;;2024;9;ESTUPRO;2
3547809;;2024;9;ESTUPRO DE VULNERÁVEL;5
3547809;;2024;9;TOTAL DE ESTUPRO (4);7
3547809;;2024;9;ROUBO - OUTROS;237
3547809;;2024;9;ROUBO DE VEÍCULO;45
3547809;;2024;9;FURTO - OUTROS;656
3547809;;2024;9;FURTO DE VEÍCULO;119
3547809;;2024;9;LESÃO CORPORAL DOLOSA;125
3547809;;2024;10;HOMICÍDIO DOLOSO (2);2
3547809;;2024;10;Nº DE VÍTIMAS EM HOMICÍDIO DOLOSO (3);2
3547809;;2024;10;TENTATIVA DE HOMICÍDIO;4
3547809;;2024;10;LATROCÍNIO;0
3547809;;2024;10;ESTUPRO;2
3547809;;2024;10;ESTUPRO DE VULNERÁVEL;6
3547809;;2024;10;TOTAL DE ESTUPRO (4);8
3547809;;2024;10;ROUBO - OUTROS;289
3547809;;2024;10;ROUBO DE VEÍCULO;46
3547809;;2024;10;FURTO - OUTROS;627
3547809;;2024;10;FURTO DE VEÍCULO;94
3547809;;2024;10;LESÃO CORPORAL DOLOSA;146
3547809;;2024;11;HOMICÍDIO DOLOSO (2);2
3547809;;2024;11;Nº DE VÍTIMAS EM HOMICÍDIO DOLOSO (3);2
3547809;;2024;11;TENTATIVA DE HOMICÍDIO;3
3547809;;2024;11;LATROCÍNIO;1
3547809;;2024;11;ESTUPRO;1
3547809;;2024;11;ESTUPRO DE VULNERÁVEL;6
3547809;;2024;11;TOTAL DE ESTUPRO (4);7
3547809;;2024;11;ROUBO - OUTROS;303
3547809;;2024;11;ROUBO DE VEÍCULO;53
3547809;;2024;11;FURTO - OUTROS;569
3547809;;2024;11;FURTO DE VEÍCULO;104
3547809;;2024;11;LESÃO CORPORAL DOLOSA;138
3547809;;2024;12;HOMICÍDIO DOLOSO (2);3
3547809;;2024;12;Nº DE VÍTIMAS EM HOMICÍDIO DOLOSO (3);3
3547809;;2024;12;TENTATIVA DE HOMICÍDIO;3
3547809;;2024;12;LATROCÍNIO;0
3547809;;2024;12;ESTUPRO;2
3547809;;2024;12;ESTUPRO DE VULNERÁVEL;6
3547809;;2024;12;TOTAL DE ESTUPRO (4);8
3547809;;2024;12;ROUBO - OUTROS;256
3547809;;2024;12;ROUBO DE VEÍCULO;53
3547809;;2024;12;FURTO - OUTROS;598
3547809;;2024;12;FURTO DE VEÍCULO;120
3547809;;2024;12;LESÃO CORPORAL DOLOSA;131
3547809;;2025;1;HOMICÍDIO DOLOSO (2);2
3547809;;2025;1;Nº DE VÍTIMAS EM HOMICÍDIO DOLOSO (3);3
3547809;;2025;1;TENTATIVA DE HOMICÍDIO;4
3547809;;2025;1;LATROCÍNIO;0
3547809;;2025;1;ESTUPRO;2
3547809;;2025;1;ESTUPRO DE VULNERÁVEL;6
3547809;;2025;1;TOTAL DE ESTUPRO (4);8
3547809;;2025;1;ROUBO - OUTROS;286
3547809;;2025;1;ROUBO DE VEÍCULO;56
3547809;;2025;1;FURTO - OUTROS;546
3547809;;2025;1;FURTO DE VEÍCULO;92
3547809;;2025;1;LESÃO CORPORAL DOLOSA;130
3547809;;2025;2;HOMICÍDIO DOLOSO (2);2
3547809;;2025;2;Nº DE VÍTIMAS EM HOMICÍDIO DOLOSO (3);2
3547809;;2025;2;TENTATIVA DE HOMICÍDIO;4
3547809;;2025;2;LATROCÍNIO;1
3547809;;2025;2;ESTUPRO;2
3547809;;2025;2;ESTUPRO DE VULNERÁVEL;4
3547809;;2025;2;TOTAL DE ESTUPRO (4);6
3547809;;2025;2;ROUBO - OUTROS;235
3547809;;2025;2;ROUBO DE VEÍCULO;53
3547809;;2025;2;FURTO - OUTROS;534
3547809;;2025;2;FURTO DE VEÍCULO;111
3547809;;2025;2;LESÃO CORPORAL DOLOSA;105
3547809;;2025;3;HOMICÍDIO DOLOSO (2);3
3547809;;2025;3;Nº DE VÍTIMAS EM HOMICÍDIO DOLOSO (3);3
3547809;;2025;3;TENTATIVA DE HOMICÍDIO;3
3547809;;2025;3;LATROCÍNIO;1
3547809;;2025;3;ESTUPRO;2
3547809;;2025;3;ESTUPRO DE VULNERÁVEL;5
3547809;;2025;3;TOTAL DE ESTUPRO (4);7
3547809;;2025;3;ROUBO - OUTROS;235
3547809;;2025;3;ROUBO DE VEÍCULO;39
3547809;;2025;3;FURTO - OUTROS;493
3547809;;2025;3;FURTO DE VEÍCULO;90
3547809;;2025;3;LESÃO CORPORAL DOLOSA;130
3547809;;2025;4;HOMICÍDIO DOLOSO (2);2
3547809;;2025;4;Nº DE VÍTIMAS EM HOMICÍDIO DOLOSO (3);2
3547809;;2025;4;TENTATIVA DE HOMICÍDIO;4
3547809;;2025;4;LATROCÍNIO;0
3547809;;2025;4;ESTUPRO;1
3547809;;2025;4;ESTUPRO DE VULNERÁVEL;5
3547809;;2025;4;TOTAL DE ESTUPRO (4);6
3547809;;2025;4;ROUBO - OUTROS;256
3547809;;2025;4;ROUBO DE VEÍCULO;46
3547809;;2025;4;FURTO - OUTROS;496
3547809;;2025;4;FURTO DE VEÍCULO;99
3547809;;2025;4;LESÃO CORPORAL DOLOSA;142
3547809;;2025;5;HOMICÍDIO DOLOSO (2);2
3547809;;2025;5;Nº DE VÍTIMAS EM HOMICÍDIO DOLOSO (3);2
3547809;;2025;5;TENTATIVA DE HOMICÍDIO;4
3547809;;2025;5;LATROCÍNIO;0
3547809;;2025;5;ESTUPRO;2
3547809;;2025;5;ESTUPRO DE VULNERÁVEL;5
3547809;;2025;5;TOTAL DE ESTUPRO (4);7
3547809;;2025;5;ROUBO - OUTROS;234
3547809;;2025;5;ROUBO DE VEÍCULO;46
3547809;;2025;5;FURTO - OUTROS;594
3547809;;2025;5;FURTO DE VEÍCULO;96
3547809;;2025;5;LESÃO CORPORAL DOLOSA;132
3547809;;2025;6;HOMICÍDIO DOLOSO (2);2
3547809;;2025;6;Nº DE VÍTIMAS EM HOMICÍDIO DOLOSO (3);2
3547809;;2025;6;TENTATIVA DE HOMICÍDIO;3
3547809;;2025;6;LATROCÍNIO;0
3547809;;2025;6;ESTUPRO;2
3547809;;2025;6;ESTUPRO DE VULNERÁVEL;5
3547809;;2025;6;TOTAL DE ESTUPRO (4);7
3547809;;2025;6;ROUBO - OUTROS;218
3547809;;2025;6;ROUBO DE VEÍCULO;47
3547809;;2025;6;FURTO - OUTROS;538
3547809;;2025;6;FURTO DE VEÍCULO;72
3547809;;2025;6;LESÃO CORPORAL DOLOSA;127
3547809;;2025;7;HOMICÍDIO DOLOSO (2);2
3547809;;2025;7;Nº DE VÍTIMAS EM HOMICÍDIO DOLOSO (3);2
3547809;;2025;7;TENTATIVA DE HOMICÍDIO;4
3547809;;2025;7;LATROCÍNIO;0
3547809;;2025;7;ESTUPRO;1
3547809;;2025;7;ESTUPRO DE VULNERÁVEL;4
3547809;;2025;7;TOTAL DE ESTUPRO (4);5
3547809;;2025;7;ROUBO - OUTROS;275
3547809;;2025;7;ROUBO DE VEÍCULO;47
3547809;;2025;7;FURTO - OUTROS;615
3547809;;2025;7;FURTO DE VEÍCULO;90
3547809;;2025;7;LESÃO CORPORAL DOLOSA;105
3547809;;2025;8;HOMICÍDIO DOLOSO (2);2
3547809;;2025;8;Nº DE VÍTIMAS EM HOMICÍDIO DOLOSO (3);2
3547809;;2025;8;TENTATIVA DE HOMICÍDIO;2
3547809;;2025;8;LATROCÍNIO;1
3547809;;2025;8;ESTUPRO;2
3547809;;2025;8;ESTUPRO DE VULNERÁVEL;5
3547809;;2025;8;TOTAL DE ESTUPRO (4);7
3547809;;2025;8;ROUBO - OUTROS;247
3547809;;2025;8;ROUBO DE VEÍCULO;42
3547809;;2025;8;FURTO - OUTROS;481
3547809;;2025;8;FURTO DE VEÍCULO;83
3547809;;2025;8;LESÃO CORPORAL DOLOSA;128
3547809;;2025;9;HOMICÍDIO DOLOSO (2);3
3547809;;2025;9;Nº DE VÍTIMAS EM HOMICÍDIO DOLOSO (3);3
3547809;;2025;9;TENTATIVA DE HOMICÍDIO;3
3547809;;2025;9;LATROCÍNIO;1
3547809;;2025;9;ESTUPRO;2
3547809;;2025;9;ESTUPRO DE VULNERÁVEL;5
3547809;;2025;9;TOTAL DE ESTUPRO (4);7
3547809;;2025;9;ROUBO - OUTROS;203
3547809;;2025;9;ROUBO DE VEÍCULO;45
3547809;;2025;9;FURTO - OUTROS;576
3547809;;2025;9;FURTO DE VEÍCULO;100
3547809;;2025;9;LESÃO CORPORAL DOLOSA;133
3547809;;2025;10;HOMICÍDIO DOLOSO (2);2
3547809;;2025;10;Nº DE VÍTIMAS EM HOMICÍDIO DOLOSO (3);2
3547809;;2025;10;TENTATIVA DE HOMICÍDIO;3
3547809;;2025;10;LATROCÍNIO;0
3547809;;2025;10;ESTUPRO;2
3547809;;2025;10;ESTUPRO DE VULNERÁVEL;4
3547809;;2025;10;TOTAL DE ESTUPRO (4);6
3547809;;2025;10;ROUBO - OUTROS;251
3547809;;2025;10;ROUBO DE VEÍCULO;53
3547809;;2025;10;FURTO - OUTROS;528
3547809;;2025;10;FURTO DE VEÍCULO;94
3547809;;2025;10;LESÃO CORPORAL DOLOSA;136
3547809;;2025;11;HOMICÍDIO DOLOSO (2);2
3547809;;2025;11;Nº DE VÍTIMAS EM HOMICÍDIO DOLOSO (3);3
3547809;;2025;11;TENTATIVA DE HOMICÍDIO;3
3547809;;2025;11;LATROCÍNIO;0
3547809;;2025;11;ESTUPRO;1
3547809;;2025;11;ESTUPRO DE VULNERÁVEL;5
3547809;;2025;11;TOTAL DE ESTUPRO (4);6
3547809;;2025;11;ROUBO - OUTROS;251
3547809;;2025;11;ROUBO DE VEÍCULO;46
3547809;;2025;11;FURTO - OUTROS;517
3547809;;2025;11;FURTO DE VEÍCULO;104
3547809;;2025;11;LESÃO CORPORAL DOLOSA;122
3547809;;2025;12;HOMICÍDIO DOLOSO (2);3
3547809;;2025;12;Nº DE VÍTIMAS EM HOMICÍDIO DOLOSO (3);4
3547809;;2025;12;TENTATIVA DE HOMICÍDIO;4
3547809;;2025;12;LATROCÍNIO;1
3547809;;2025;12;ESTUPRO;2
3547809;;2025;12;ESTUPRO DE VULNERÁVEL;5
3547809;;2025;12;TOTAL DE ESTUPRO (4);7
3547809;;2025;12;ROUBO - OUTROS;244
3547809;;2025;12;ROUBO DE VEÍCULO;54
3547809;;2025;12;FURTO - OUTROS;492
3547809;;2025;12;FURTO DE VEÍCULO;118
3547809;;2025;12;LESÃO CORPORAL DOLOSA;117
3547809;;2026;1;HOMICÍDIO DOLOSO (2);1
3547809;;2026;1;Nº DE VÍTIMAS EM HOMICÍDIO DOLOSO (3);2
3547809;;2026;1;TENTATIVA DE HOMICÍDIO;3
3547809;;2026;1;LATROCÍNIO;1
3547809;;2026;1;ESTUPRO;1
3547809;;2026;1;ESTUPRO DE VULNERÁVEL;4
3547809;;2026;1;TOTAL DE ESTUPRO (4);5
3547809;;2026;1;ROUBO - OUTROS;208
3547809;;2026;1;ROUBO DE VEÍCULO;41
3547809;;2026;1;FURTO - OUTROS;496
3547809;;2026;1;FURTO DE VEÍCULO;78
3547809;;2026;1;LESÃO CORPORAL DOLOSA;102
3547809;;2026;2;HOMICÍDIO DOLOSO (2);1
3547809;;2026;2;Nº DE VÍTIMAS EM HOMICÍDIO DOLOSO (3);1
3547809;;2026;2;TENTATIVA DE HOMICÍDIO;3
3547809;;2026;2;LATROCÍNIO;1
3547809;;2026;2;ESTUPRO;2
3547809;;2026;2;ESTUPRO DE VULNERÁVEL;5
3547809;;2026;2;TOTAL DE ESTUPRO (4);7
3547809;;2026;2;ROUBO - OUTROS;234
3547809;;2026;2;ROUBO DE VEÍCULO;53
3547809;;2026;2;FURTO - OUTROS;626
3547809;;2026;2;FURTO DE VEÍCULO;87
3547809;;2026;2;LESÃO CORPORAL DOLOSA;126
3547809;;2026;3;HOMICÍDIO DOLOSO (2);3
3547809;;2026;3;Nº DE VÍTIMAS EM HOMICÍDIO DOLOSO (3);3
3547809;;2026;3;TENTATIVA DE HOMICÍDIO;4
3547809;;2026;3;LATROCÍNIO;0
3547809;;2026;3;ESTUPRO;2
3547809;;2026;3;ESTUPRO DE VULNERÁVEL;4
3547809;;2026;3;TOTAL DE ESTUPRO (4);6
3547809;;2026;3;ROUBO - OUTROS;228
3547809;;2026;3;ROUBO DE VEÍCULO;55
3547809;;2026;3;FURTO - OUTROS;435
3547809;;2026;3;FURTO DE VEÍCULO;94
3547809;;2026;3;LESÃO CORPORAL DOLOSA;115
3547809;;2026;4;HOMICÍDIO DOLOSO (2);2
3547809;;2026;4;Nº DE VÍTIMAS EM HOMICÍDIO DOLOSO (3);2
3547809;;2026;4;TENTATIVA DE HOMICÍDIO;3
3547809;;2026;4;LATROCÍNIO;0
3547809;;2026;4;ESTUPRO;1
3547809;;2026;4;ESTUPRO DE VULNERÁVEL;4
3547809;;2026;4;TOTAL DE ESTUPRO (4);5
3547809;;2026;4;ROUBO - OUTROS;197
3547809;;2026;4;ROUBO DE VEÍCULO;38
3547809;;2026;4;FURTO - OUTROS;601
3547809;;2026;4;FURTO DE VEÍCULO;88
3547809;;2026;4;LESÃO CORPORAL DOLOSA;113
3547809;;2026;5;HOMICÍDIO DOLOSO (2);3
3547809;;2026;5;Nº DE VÍTIMAS EM HOMICÍDIO DOLOSO (3);4
3547809;;2026;5;TENTATIVA DE HOMICÍDIO;2
3547809;;2026;5;LATROCÍNIO;0
3547809;;2026;5;ESTUPRO;1
3547809;;2026;5;ESTUPRO DE VULNERÁVEL;4
3547809;;2026;5;TOTAL DE ESTUPRO (4);5
3547809;;2026;5;ROUBO - OUTROS;255
3547809;;2026;5;ROUBO DE VEÍCULO;36
3547809;;2026;5;FURTO - OUTROS;567
3547809;;2026;5;FURTO DE VEÍCULO;96
3547809;;2026;5;LESÃO CORPORAL DOLOSA;139
3547809;;2026;6;HOMICÍDIO DOLOSO (2);2
3547809;;2026;6;Nº DE VÍTIMAS EM HOMICÍDIO DOLOSO (3);2
3547809;;2026;6;TENTATIVA DE HOMICÍDIO;4
3547809;;2026;6;LATROCÍNIO;0
3547809;;2026;6;ESTUPRO;1
3547809;;2026;6;ESTUPRO DE VULNERÁVEL;4
3547809;;2026;6;TOTAL DE ESTUPRO (4);5
3547809;;2026;6;ROUBO - OUTROS;238
3547809;;2026;6;ROUBO DE VEÍCULO;44
3547809;;2026;6;FURTO - OUTROS;513
3547809;;2026;6;FURTO DE VEÍCULO;94
3547809;;2026;6;LESÃO CORPORAL DOLOSA;116
3548708;01 DP S.BERNARDO DO CAMPO;2025;1;ROUBO - OUTROS;114
3548708;01 DP S.BERNARDO DO CAMPO;2025;1;FURTO - OUTROS;266
3548708;01 DP S.BERNARDO DO CAMPO;2025;1;ROUBO DE VEÍCULO;23
3548708;01 DP S.BERNARDO DO CAMPO;2025;2;ROUBO - OUTROS;114
3548708;01 DP S.BERNARDO DO CAMPO;2025;2;FURTO - OUTROS;266
3548708;01 DP S.BERNARDO DO CAMPO;2025;2;ROUBO DE VEÍCULO;23
3548708;01 DP S.BERNARDO DO CAMPO;2025;3;ROUBO - OUTROS;114
3548708;01 DP S.BERNARDO DO CAMPO;2025;3;FURTO - OUTROS;266
3548708;01 DP S.BERNARDO DO CAMPO;2025;3;ROUBO DE VEÍCULO;23
3548708;01 DP S.BERNARDO DO CAMPO;2025;4;ROUBO - OUTROS;114
3548708;01 DP S.BERNARDO DO CAMPO;2025;4;FURTO - OUTROS;266
3548708;01 DP S.BERNARDO DO CAMPO;2025;4;ROUBO DE VEÍCULO;23
3548708;01 DP S.BERNARDO DO CAMPO;2025;5;ROUBO - OUTROS;114
3548708;01 DP S.BERNARDO DO CAMPO;2025;5;FURTO - OUTROS;266
3548708;01 DP S.BERNARDO DO CAMPO;2025;5;ROUBO DE VEÍCULO;23
3548708;01 DP S.BERNARDO DO CAMPO;2025;6;ROUBO - OUTROS;114
3548708;01 DP S.BERNARDO DO CAMPO;2025;6;FURTO - OUTROS;266
3548708;01 DP S.BERNARDO DO CAMPO;2025;6;ROUBO DE VEÍCULO;23
3548708;01 DP S.BERNARDO DO CAMPO;2025;7;ROUBO - OUTROS;114
3548708;01 DP S.BERNARDO DO CAMPO;2025;7;FURTO - OUTROS;266
3548708;01 DP S.BERNARDO DO CAMPO;2025;7;ROUBO DE VEÍCULO;23
3548708;01 DP S.BERNARDO DO CAMPO;2025;8;ROUBO - OUTROS;114
3548708;01 DP S.BERNARDO DO CAMPO;2025;8;FURTO - OUTROS;266
3548708;01 DP S.BERNARDO DO CAMPO;2025;8;ROUBO DE VEÍCULO;23
3548708;01 DP S.BERNARDO DO CAMPO;2025;9;ROUBO - OUTROS;114
3548708;01 DP S.BERNARDO DO CAMPO;2025;9;FURTO - OUTROS;266
3548708;01 DP S.BERNARDO DO CAMPO;2025;9;ROUBO DE VEÍCULO;23
3548708;01 DP S.BERNARDO DO CAMPO;2025;10;ROUBO - OUTROS;114
3548708;01 DP S.BERNARDO DO CAMPO;2025;10;FURTO - OUTROS;266
3548708;01 DP S.BERNARDO DO CAMPO;2025;10;ROUBO DE VEÍCULO;23
3548708;01 DP S.BERNARDO DO CAMPO;2025;11;ROUBO - OUTROS;114
3548708;01 DP S.BERNARDO DO CAMPO;2025;11;FURTO - OUTROS;266
3548708;01 DP S.BERNARDO DO CAMPO;2025;11;ROUBO DE VEÍCULO;23
3548708;01 DP S.BERNARDO DO CAMPO;2025;12;ROUBO - OUTROS;114
3548708;01 DP S.BERNARDO DO CAMPO;2025;12;FURTO - OUTROS;266
3548708;01 DP S.BERNARDO DO CAMPO;2025;12;ROUBO DE VEÍCULO;23
3548708;03 DP S.BERNARDO DO CAMPO;2025;1;ROUBO - OUTROS;171
3548708;03 DP S.BERNARDO DO CAMPO;2025;1;FURTO - OUTROS;399
3548708;03 DP S.BERNARDO DO CAMPO;2025;1;ROUBO DE VEÍCULO;34
3548708;03 DP S.BERNARDO DO CAMPO;2025;2;ROUBO - OUTROS;171
3548708;03 DP S.BERNARDO DO CAMPO;2025;2;FURTO - OUTROS;399
3548708;03 DP S.BERNARDO DO CAMPO;2025;2;ROUBO DE VEÍCULO;34
3548708;03 DP S.BERNARDO DO CAMPO;2025;3;ROUBO - OUTROS;171
3548708;03 DP S.BERNARDO DO CAMPO;2025;3;FURTO - OUTROS;399
3548708;03 DP S.BERNARDO DO CAMPO;2025;3;ROUBO DE VEÍCULO;34
3548708;03 DP S.BERNARDO DO CAMPO;2025;4;ROUBO - OUTROS;171
3548708;03 DP S.BERNARDO DO CAMPO;2025;4;FURTO - OUTROS;399
3548708;03 DP S.BERNARDO DO CAMPO;2025;4;ROUBO DE VEÍCULO;34
3548708;03 DP S.BERNARDO DO CAMPO;2025;5;ROUBO - OUTROS;171
3548708;03 DP S.BERNARDO DO CAMPO;2025;5;FURTO - OUTROS;399
3548708;03 DP S.BERNARDO DO CAMPO;2025;5;ROUBO DE VEÍCULO;34
3548708;03 DP S.BERNARDO DO CAMPO;2025;6;ROUBO - OUTROS;171
3548708;03 DP S.BERNARDO DO CAMPO;2025;6;FURTO - OUTROS;399
3548708;03 DP S.BERNARDO DO CAMPO;2025;6;ROUBO DE VEÍCULO;34
3548708;03 DP S.BERNARDO DO CAMPO;2025;7;ROUBO - OUTROS;171
3548708;03 DP S.BERNARDO DO CAMPO;2025;7;FURTO - OUTROS;399
3548708;03 DP S.BERNARDO DO CAMPO;2025;7;ROUBO DE VEÍCULO;34
3548708;03 DP S.BERNARDO DO CAMPO;2025;8;ROUBO - OUTROS;171
3548708;03 DP S.BERNARDO DO CAMPO;2025;8;FURTO - OUTROS;399
3548708;03 DP S.BERNARDO DO CAMPO;2025;8;ROUBO DE VEÍCULO;34
3548708;03 DP S.BERNARDO DO CAMPO;2025;9;ROUBO - OUTROS;171
3548708;03 DP S.BERNARDO DO CAMPO;2025;9;FURTO - OUTROS;399
3548708;03 DP S.BERNARDO DO CAMPO;2025;9;ROUBO DE VEÍCULO;34
3548708;03 DP S.BERNARDO DO CAMPO;2025;10;ROUBO - OUTROS;171
3548708;03 DP S.BERNARDO DO CAMPO;2025;10;FURTO - OUTROS;399
3548708;03 DP S.BERNARDO DO CAMPO;2025;10;ROUBO DE VEÍCULO;34
3548708;03 DP S.BERNARDO DO CAMPO;2025;11;ROUBO - OUTROS;171
3548708;03 DP S.BERNARDO DO CAMPO;2025;11;FURTO - OUTROS;399
3548708;03 DP S.BERNARDO DO CAMPO;2025;11;ROUBO DE VEÍCULO;34
3548708;03 DP S.BERNARDO DO CAMPO;2025;12;ROUBO - OUTROS;171
3548708;03 DP S.BERNARDO DO CAMPO;2025;12;FURTO - OUTROS;399
3548708;03 DP S.BERNARDO DO CAMPO;2025;12;ROUBO DE VEÍCULO;34
